{
  "controller/View1.controller.js.map": 1725363410084,
  "model/models.js": 1723808948379,
  "controller/View1.controller.js": 1725016660330,
  "controller/App.controller.js": 1723808948379,
  "manifest.json": 1725363409926,
  "Component.js": 1723808948371,
  "model/models-dbg.js": 1723808948379,
  "model/models.js.map": 1725363410084,
  "controller/View1-dbg.controller.js": 1725016660330,
  "i18n/i18n.properties": 1723808977007,
  "controller/App-dbg.controller.js": 1723808948379,
  "controller/App.controller.js.map": 1725363410082,
  "Component-dbg.js": 1723808948371,
  "Component.js.map": 1725363410083,
  "Component-preload.js": 1725363410291,
  "Component-preload.js.map": 1725363410291,
  "view/View1.view.xml": 1723809524035,
  "view/App.view.xml": 1723808948383,
  "css/style.css": 1723808948383,
  "index.html": 1723808948375
}