{
  "controller/App-dbg.controller.js": 1723671392000,
  "controller/App.controller.js": 1723671392000,
  "controller/View1.controller.js": 1723671392000,
  "model/models.js": 1723671392000,
  "manifest.json": 1725363406080,
  "Component.js": 1723671392000,
  "Component-dbg.js": 1723671392000,
  "Component.js.map": 1725363406215,
  "controller/View1-dbg.controller.js": 1723671392000,
  "controller/View1.controller.js.map": 1725363406215,
  "model/models-dbg.js": 1723671392000,
  "model/models.js.map": 1725363406234,
  "i18n/i18n.properties": 1723671392000,
  "controller/App.controller.js.map": 1725363406233,
  "Component-preload.js": 1725363406438,
  "Component-preload.js.map": 1725363406438,
  "view/View1.view.xml": 1723671392000,
  "view/App.view.xml": 1723671392000,
  "css/style.css": 1723671392000,
  "index.html": 1723671392000
}